variable,value
swe,0
uztwc,337.179351806641
uzfwc,0
lztwc,447.586975097656
lzfsc,0.322126001119614
lzfpc,306.047454833984
adimc,776.16943359375
