variable,value
swe,0
uztwc,290.697479248047
uzfwc,0.00937919970601797
lztwc,331.111053466797
lzfsc,0.00155618041753769
lzfpc,978.508117675781
adimc,620.224182128906
