variable,value
swe,0
uztwc,245.43994140625
uzfwc,0.00984129309654236
lztwc,281.905181884766
lzfsc,2.51687407493591
lzfpc,246.798599243164
adimc,525.878479003906
