variable,value
swe,0
uztwc,377.334075927734
uzfwc,0
lztwc,121.044860839844
lzfsc,739.064575195313
lzfpc,30.0468788146973
adimc,490.879974365234
