variable,value
swe,0
uztwc,290.409606933594
uzfwc,0
lztwc,391.006622314453
lzfsc,0
lzfpc,27.6987953186035
adimc,680.894348144531
