variable,value
swe,0
uztwc,300.658294677734
uzfwc,0
lztwc,119.101165771484
lzfsc,0
lzfpc,194.636520385742
adimc,419.675689697266
